OrderID,OrderDate,OrderDeliveryDate,Product,Amount,Cost
order14,2/1/2016,3/1/2016,A,1,10
order15,2/1/2016,3/1/2016,A,1,10
order16,2/1/2016,3/1/2016,A,1,10
order17,2/1/2016,3/1/2016,A,1,10
order18,2/1/2016,3/1/2016,A,1,10
order19,2/1/2016,3/1/2016,A,1,10
order20,2/1/2016,3/1/2016,A,1,10
order21,3/1/2016,4/1/2016,A,1,10
order22,3/1/2016,4/1/2016,A,1,10
order23,3/1/2016,4/1/2016,A,1,10
order24,3/1/2016,4/1/2016,A,1,10
order25,3/1/2016,4/1/2016,A,1,10
order26,3/1/2016,4/1/2016,A,1,10
order27,3/1/2016,4/1/2016,A,1,10
order28,3/1/2016,4/1/2016,A,1,10
order29,3/1/2016,4/1/2016,A,1,10
order30,3/1/2016,4/1/2016,A,1,10
order31,4/1/2016,5/1/2016,A,1,10
order32,4/1/2016,5/1/2016,A,1,10
order33,4/1/2016,5/1/2016,A,1,10
order34,4/1/2016,5/1/2016,A,1,10
order35,4/1/2016,5/1/2016,A,1,10
order36,4/1/2016,5/1/2016,A,1,10
order37,4/1/2016,5/1/2016,A,1,10
order38,4/1/2016,5/1/2016,A,1,10
order39,4/1/2016,5/1/2016,A,1,10
order40,4/1/2016,5/1/2016,A,1,10
order1,1/1/2016,3/1/2016,A,2,10
order2,1/1/2016,2/2/2016,A,2,10
order3,1/1/2016,2/3/2016,A,2,10
order4,1/1/2016,2/1/2016,A,2,10
order5,1/1/2016,2/1/2016,A,2,10
order6,1/1/2016,2/1/2016,A,2,10
order7,1/1/2016,2/1/2016,A,2,10
order8,1/1/2016,2/1/2016,A,2,10
order9,1/1/2016,2/1/2016,A,1,10
order10,2/1/2016,3/1/2016,A,1,10
order11,2/1/2016,3/1/2016,A,1,10
order12,2/1/2016,3/1/2016,A,1,10
order13,2/1/2016,3/1/2016,A,1,10
